account_id,username,password
1,john_doe,password123
2,alice_smith,alice@2023
3,bob_jones,bobSecurePass!
4,charlie_brown,charliePeanuts
5,eve_white,eveSecret!2023
6,frank_adams,frankiePass!
7,grace_green,graceful2023
8,harry_hill,harryHills!
9,irene_ice,ireneCold123
10,jack_jungle,jackJungle!
11,kate_kite,kateFlyHigh
12,lucas_lake,lucasLakePass
13,mary_mountain,maryClimb!
14,nate_night,nateNightStar
15,olivia_ocean,oliviaWaves
16,peter_park,peterParker!
17,quinn_queen,quinnRoyalty
18,rachel_river,rachelFlow
19,steve_snow,steveSnowy
20,tina_tree,tinaGreenLeaf
21,ursula_umbrella,ursulaRainy
22,victor_valley,victorValley!
23,wanda_wood,wandaForest
24,xavier_xray,xavierRadiate
25,yara_yarn,yaraKnit
26,zane_zebra,zaneStripes
27,amy_apple,amyJuicy
28,brian_bridge,brianCross
29,carla_cloud,carlaFluffy
30,david_desert,davidHotSand
31,ella_earth,ellaPlanet
32,fred_fruit,fredTasty
33,gina_grape,ginaPurple
34,hank_hammer,hankBuild
35,isla_island,islaTropical
36,jerry_juice,jerryDrink
37,karen_kangaroo,karenJump
38,leo_lion,leoRoar
39,molly_moon,mollyNight
40,nick_nest,nickBirdHome
41,olga_owl,olgaHoot
42,paula_penguin,paulaCold
43,quentin_quill,quentinWrite
44,rita_rose,ritaBloom
45,sam_sand,samBeach
46,tara_tiger,taraWild
47,ulysses_unicorn,ulyssesMagic
48,vicky_violet,vickyPurpleFlower
49,will_wolf,willHowl
50,xena_xylophone,xenaMusic}