car_rental_company_id,car_rental_company_name
1,MotoWheels Rentals
2,TripWheels Rentals
3,RideRoad Rentals
4,RideVroom Rentals
5,FlyMove Rentals
6,RoadTrip Rentals
7,CruiseMoto Rentals
8,JourneyJet Rentals
9,WheelsZoom Rentals
10,CruiseCruise Rentals
11,DriveCruise Rentals
12,MoveRoad Rentals
13,JetTrip Rentals
14,JetAuto Rentals
15,MoveDrive Rentals
16,RideMoto Rentals
17,JourneyRoad Rentals
18,ZoomRide Rentals
19,TripJourney Rentals
20,JourneyFly Rentals
21,ShiftCruise Rentals
22,TripCruise Rentals
23,DriveCruise Rentals
24,JetMove Rentals
25,DriveVroom Rentals
26,WheelsMove Rentals
27,RideMoto Rentals
28,JourneyJet Rentals
29,TripRide Rentals
30,ShiftShift Rentals
31,VroomWheels Rentals
32,MotoAuto Rentals
33,WheelsCruise Rentals
34,ShiftJet Rentals
35,ShiftRoad Rentals
36,TripWheels Rentals
37,WheelsTrip Rentals
38,MotoRide Rentals
39,RideFly Rentals
40,DriveCruise Rentals
41,RoadTrip Rentals
42,MotoVroom Rentals
43,TripCruise Rentals
44,MotoAuto Rentals
45,CruiseVroom Rentals
46,DriveWheels Rentals
47,JetRide Rentals
48,AutoTrip Rentals
49,JourneyJourney Rentals
50,ShiftJourney Rentals